<?xml version="1.0" encoding="UTF-8"?>

<faces-config
    xmlns="http://java.sun.com/xml/ns/javaee"
    xmlns:xsi="http://www.w3.org/2001/XMLSchema-instance"
    xsi:schemaLocation="http://java.sun.com/xml/ns/javaee http://java.sun.com/xml/ns/javaee/web-facesconfig_2_0.xsd"
    version="2.0">
	<managed-bean>
		<managed-bean-name>loginBean</managed-bean-name>
		<managed-bean-class>LoginBean</managed-bean-class>
		<managed-bean-scope>session</managed-bean-scope>
	</managed-bean>
	<navigation-rule>
		<display-name>login.xhtml</display-name>
		<from-view-id>/login.xhtml</from-view-id>
		<navigation-case>
			<to-view-id>/welcome.xhtml</to-view-id>
		</navigation-case>
	</navigation-rule>

</faces-config>
